residue,phi,psi,chi1,chi2,chi3,chi4
PTR,-80.82974271349485,135.14205461598058,-77.24201285914606,-100.04012811986996,-72.64031452565224,-175.08045072339428
PTR,-109.56056462693832,142.33334222703357,-73.9896119943478,-73.15207057608218,-165.89176363782263,-66.12277921994715
PTR,-109.47706556433492,139.32467121839963,-72.18824027354842,-73.23395623197484,-164.46218807514458,-67.18962938831986
PTR,-72.46192769715049,-10.083179460352651,78.42848264212772,-91.176188528125,-172.4602574583947,-68.63455610634094
PTR,-69.94266706330467,-9.382875042109331,80.30452984482392,-90.28259682231452,-173.50850851576251,-69.39500200651125
PTR,-128.160453812447,151.88359959249055,-59.90844572347188,98.4632497578592,-136.2810758311295,129.9286771775048
PTR,-112.82162478578256,136.36371591130742,-63.99586739106703,-77.95448084740123,68.47389094958456,91.54831877924089
PTR,-113.66653284649146,144.35544705157253,-70.37415394334705,-90.98333179030494,79.56908601211214,107.40533619918264
PTR,-108.32664997224047,145.58501770595822,-79.77087048916897,-84.51149640436702,89.63991973138141,88.86352498084447
PTR,-107.48831938370228,143.88598082916087,-73.86377573399574,-88.23968300420121,3.624886396695002,-178.728152816023
PTR,-111.88385347311817,-26.963862220444923,-177.78826417855728,67.29198048400507,-102.50969942772196,-69.91555759714785
PTR,-109.67590603145231,3.3067645831187997,-47.55119398295379,-37.50822427579787,-78.09134319882136,-51.651907641645465
PTR,-121.86883871886808,138.80646476607075,-66.3825705412792,-85.02188279211845,59.753297953223786,128.6592149109703
PTR,-63.84015258708672,-24.433893557527767,171.54859408312024,68.3800683718541,40.79161571907008,173.73183985781597
PTR,-171.64897859759188,126.34516711597604,83.57467680750862,87.01629617729226,83.00746161448575,-164.60684283983306
PTR,-95.3027428100226,130.1061971220652,162.65691430664737,75.2898898716913,6.633260951878098,-71.6228043923959
PTR,-75.08302645152122,134.5727856694167,178.6762305611475,70.21992014041703,83.14936835486058,57.92012733049116
PTR,-79.42378925398276,136.76447043066875,179.1081563630282,66.34669021812398,119.67183821167106,47.25667459148145
PTR,-127.58983248842743,137.01859444892824,-73.63792404674862,-99.56043233861396,113.20862029303797,-13.271250694245651
PTR,-101.32961294118267,120.32782509870816,176.46892604408723,71.42180797735881,157.3892649181924,-44.50045300452799
PTR,-141.75442905336163,160.34546631370597,67.92320033826682,-92.49031856868754,-64.47248986630817,-162.86539346704177
PTR,-121.86961736043348,128.64916750793975,-177.5299998518768,-77.85207157894868,-176.18733699017926,55.0250418688379
PTR,-113.2826215736234,127.58061173304792,170.49561820791513,93.88476580030716,-40.17770874004391,-19.07087732085022
PTR,-145.1161388798152,157.5233960731968,61.170408049837015,-86.09049050444531,53.067125503252626,25.939158245271493
PTR,-128.25423230975127,154.43142407744537,-64.45863910748815,80.59786150518318,-112.6065020706565,113.955214043965
PTR,-150.22598098282015,156.55378241862178,70.20272163597332,79.64495650595954,143.91721568432538,72.02239590900696
PTR,-108.0251722524653,129.92700027900077,-63.12384503721657,105.94134179520212,6.035474364378524,-60.861360976376865
PTR,-109.9894595256801,117.17257823048574,-63.63332586363851,-64.77957645260346,179.65358869766246,-62.63468381178071
PTR,-82.87506335102267,85.35956515218233,-166.98387603832475,74.95669099145077,-62.910505273358275,-58.70283164928448
PTR,-80.57343986489013,84.35075304196062,-163.5225979164229,71.47274315981859,-75.50354281766073,-51.83628026187468
PTR,-141.80881101953327,159.70883804154744,62.11188945330653,82.65201985581538,137.96366544572078,-166.11305061146277
PTR,-131.68581497141406,125.96733471146926,-171.70374194256814,57.5589376088138,130.19516745559795,84.07068917738677
PTR,-155.3194989337088,160.34190095495924,67.30129160439603,74.06410575996347,132.36409136746263,177.031478454444
PTR,-129.8466772543614,124.401841693324,-161.00680481476664,117.15161814482232,149.5530878897165,171.09240707868636
PTR,-116.70894498962528,130.9503811827221,168.81926035268168,-100.83594090701736,-175.52460580857573,53.79971480266218
PTR,-145.25970945616885,159.37594828177936,60.606368155517394,87.79558144265339,160.7041350631592,-174.28071761195707
PTR,-119.24220751126968,130.04480738180513,-166.21452815125758,109.75306477244374,-173.33759959863798,173.29811629425464
PTR,-152.46464378518354,165.22667466443394,66.61124358826727,-101.326137512201,61.00804882396601,41.83809475028709
PTR,-115.2833479060602,137.17357144119583,174.68779047358242,-96.6517475163962,-177.89775946642166,-179.51575167982455
PTR,-153.64619820970404,156.19221952471798,67.91089784295636,-100.86430180395551,35.37264538855141,172.7575120893183
PTR,-106.013258070168,134.11928842928455,173.34631406531085,-95.5928803196911,-173.43279432593815,178.48480292005829
PTR,-151.21544316712323,166.9048794642627,59.56243906805001,-94.58865649787823,-0.3255660541732627,-179.6144837716762
PTR,-107.96107775729388,135.7775763974936,175.999547036587,-101.6408205885556,173.51878620390357,71.19118552622038
PTR,-150.23292045501688,166.6953156001484,59.42440736968573,-94.79594231000176,-0.2263051969857373,-179.8842076830358
PTR,-107.52842625450862,135.84066002466784,176.02321022664484,-100.98681743219468,172.8394875107082,74.19359899680136
PTR,-149.3598037130358,166.5070209451095,67.24551366596572,-94.81234331019536,-41.50299235351508,92.38209849020171
PTR,-124.24769798413516,110.38654623345712,-141.83164573427487,-61.54840278719848,-123.07686269651812,-130.23390785323733
PTR,-154.08950480759455,169.65405792594956,64.60783305819507,-81.1237240430011,-49.020435877219995,-160.55638939135832
PTR,-126.56792690556682,124.0337901197087,-145.74933110212584,-55.72646439964838,-131.7924569853019,-106.53503865629312
PTR,-130.2304655838244,146.961751616201,158.46093389895685,107.27698432268252,106.79185446053434,54.64863525041322
PTR,-140.17867709108302,164.65911326516257,69.37947720073412,-90.58041534257124,-26.217353565682505,-40.153643365504266
PTR,-131.1776079160301,123.46928864518549,-161.05319905416155,-51.493652223290255,-22.096928367134392,-45.29103743372136
PTR,-148.313705600135,167.17184423816187,63.256555123700146,-102.55549705465944,87.23112027018213,44.121200305091406
PTR,-113.28462964923938,133.66187066056878,171.84463661154493,-100.4509380867393,177.49359817882532,-174.4932507132536
PTR,-150.62829278531223,167.71450276771938,61.56811647218232,-96.6524816787232,52.64637921974753,46.76664705967253
PTR,-110.50701027984866,133.58264046619664,172.92422216262216,-101.3606058807767,175.09279795957727,-171.46660632083115
PTR,-144.56033906629457,168.13152679768368,63.42376619247267,-99.76390727542876,28.90590754183757,169.1022640080524
PTR,-116.03659482810758,138.04560901328804,170.19624707921767,-97.71597055350944,-179.210475886249,-179.80787620127768
PTR,-142.17456764958746,168.7413534075391,59.835479856906105,-94.74356604727208,44.386676214138824,46.13416671888766
PTR,-113.7389806630178,131.92435249798757,171.69874152660378,-98.29480628426244,173.77216558007584,-171.13064243339224
PTR,-162.4669777114253,165.2905232727952,79.0941993130704,-83.38605067357685,-176.76282046146923,55.089060765808625
PTR,-142.41111076092335,120.73730859982876,172.70233352441724,-92.5975811468726,170.21392543595329,92.93273147921307
PTR,-110.64706330877976,110.80245694258672,-171.18648930677935,87.75623963098866,118.3667491534908,53.78728248620901
PTR,-143.50874948130107,162.0242448494251,66.73846403037359,-96.46565266270515,-28.11170949131865,-171.84856314702415
PTR,-123.81107131125292,116.41368957218396,-151.42890946102006,-48.48363111513799,-177.13263136288458,179.7371383475091
PTR,-62.07805257368261,-39.7168533443288,-76.59739428243225,97.97946748710253,72.6668827415656,68.51770205810016
PTR,-65.73366544012185,-38.69385834629554,-60.67834324409564,159.31237008721843,74.97998306097055,-148.0123450087489
PTR,-69.34328381269017,-39.722570212664095,-171.55116383932523,-120.27817511127044,-92.12787175790116,165.74131549444496
PTR,-141.3925383103777,158.06019430044643,59.718213924007195,88.77397025409459,113.9165260484346,-178.08540283020116
PTR,-117.91481488759104,126.92791885596152,-174.32381676750907,103.01361435331306,36.90745358683897,46.518625802744225
PTR,-142.42475747888503,159.07488720354354,68.6818960608655,-94.4387124235296,-35.51343904908529,144.51436762331682
PTR,-122.8995415853797,116.27842450586104,-149.24092175967203,-58.902942818087965,-132.71442991170562,-172.62039815586292
PTR,-117.31658593894628,134.6308422773618,-59.04200329359352,132.19105239334445,-149.26928376659754,107.68532646541196
PTR,-110.34852940053683,170.32950899335046,-77.56431220835876,-85.81803214851753,87.19129311581467,91.1212581402578
PTR,-107.4491414186231,141.68215199156455,-66.39651030833113,-89.74893726475592,-0.2849686559657782,-174.30693878583807
PTR,179.03541837361044,81.96562366303549,-106.13242219615364,154.61679526404922,-94.66380355557727,71.10287018287734
PTR,-97.28423532975673,124.66014578735556,-175.8665621832443,81.0819681402133,-152.32459024934064,-66.55008783925426
PTR,-134.56248574414832,129.87700329427625,171.77823200771994,78.41309296922957,-0.0977370438538569,177.1139703431056
PTR,-90.07561952877938,137.76640454039625,-65.64058827076326,-82.703120148758,-99.34114371917694,39.99952721646993
PTR,-90.71570387665793,129.05835048073686,-69.32732179730314,77.69654110918157,62.54939031772879,82.17966699124473
PTR,-95.31939481121913,162.41057400925934,-76.66913368832215,-69.86356076750367,-173.32429424957624,-57.37183988348877
PTR,-122.33696622420244,130.07921787484366,-79.93578468123154,-89.50293227980816,-101.20833562823076,170.5475226397285
PTR,-127.36444990619538,135.73889020603465,-77.79151681285535,-93.25002263578074,-92.99177413942613,168.88023145705426
PTR,-100.71802414252136,139.1708416979126,-74.60265212869753,-92.03231355370642,-108.00035949089008,-63.82962773508336
PTR,-111.50279721932316,142.19754440595537,-73.54657415560008,-86.57328455568857,-95.9355585722473,-74.07081794736618
PTR,-98.54789545828991,150.96289009237282,-72.39977561742805,81.07605290359609,109.7335410725567,177.3665887643335
PTR,-100.78376471328278,-173.4193772908375,37.242197674770615,102.30329905293226,-157.01048974995254,29.186383382208923
PTR,-118.4612846627054,164.56757506990604,176.76610400862612,-108.45149080016658,44.83039561202415,158.3854743349451
PTR,-128.49921753490128,133.25376685766054,165.06381918380484,-76.71771080619591,157.97656375890946,-107.62646598664632
PTR,-111.8114602981052,155.18697960343218,-60.39103825099569,-86.53853845956807,75.04608074320238,95.35168901600342
PTR,-63.80833073574365,118.00771912068154,-175.88812135478025,92.34853095875852,-143.47787768268674,-62.30526418530598
PTR,-105.57260841586464,120.77654120642131,-70.12844652089579,-73.1606432952001,-171.05216560341293,-64.0529579705869
PTR,-117.420022323737,134.1831097168891,175.68351284846216,83.0844130368756,-1.1594834796130733,-127.86000025586276
PTR,-121.41210396906934,134.78793662827212,162.30255452945715,-75.11978821951078,-176.35551485947232,-140.3405852129811
PTR,-99.38799506582312,112.04570163569078,-176.64984969803385,-83.61155777675819,-5.254594622665431,168.91608432004318
PTR,-98.641585163135,113.37183067437294,-176.14090847993387,-88.10291435912929,-0.153633831561121,55.25378072790297
PTR,-112.55961189903172,112.8692653552434,-172.86736587320055,-76.0800964982987,-9.697477052554133,-57.18261255374462
PTR,-114.94875059899964,113.06049016143623,-170.76110599256063,-84.24141045804222,2.1160497283340685,171.5189633068565
PTR,-148.20618476222066,161.22285875410748,64.93730928987233,-86.00315186043662,-12.499954616952683,175.32115442336772
PTR,-111.0089130706287,138.9037403202301,174.97806599267267,-99.17676381198504,175.65040910599956,57.02424372502945
PTR,-117.47844776189726,101.7164748557722,-173.6250646537585,60.69075543225724,-70.45167071024822,73.88642556156576
PTR,-102.367173317621,137.20580993407827,-172.74440098400606,58.903511866178235,-160.73294301750892,-117.9497897067942
PTR,-101.45772679944456,164.09044537524562,-77.97580068441874,84.22075995129397,73.1909046669684,175.13394497237235
PTR,-108.69006384740936,167.50275324307066,-80.27641500996363,-97.4996986094402,-101.71988905860783,-63.207310444827186
PTR,-104.74672926218336,159.12425581086438,-77.48366204382685,-95.32487661523628,-98.92177400358436,-69.85648745758122
PTR,-102.6716016791176,159.83062031444877,-77.48710809475445,-93.77072756164826,-93.14848258735404,-70.9004041298296
PTR,-155.1436352229593,153.7019871948447,63.47049439595986,110.42479559504112,-64.65708570312204,100.64892546273802
PTR,-124.88250942597448,123.36081158078734,-161.00468772907024,-78.50681500897001,93.208217538288,-84.71664176856679
PTR,-150.16834784660358,169.03667712687212,70.21668214130212,101.67475300433098,-96.967185225029,160.04424928414974
PTR,-154.82476101136808,118.87686069256569,-173.97358675664935,-106.11398336910511,-77.08247015739141,76.40846414689
PTR,-148.7298143847505,163.67001991107466,71.56351358787819,104.37096052730388,-99.92703415227938,157.9878545923033
PTR,-146.94821418126605,127.40880515466544,-165.94329010188787,-125.49666603966983,71.16507229893146,43.30122024961097
PTR,-156.99252645014673,156.1124292548339,64.45378676691743,101.65016576506048,-56.66819436347135,86.44802886463393
PTR,-122.2188722534529,134.05173785839312,-159.74862419423224,-97.32029260166205,103.17536986233247,53.20296817209021
PTR,-154.85784644770763,163.05033050805775,67.29348786864729,-104.58066596793984,48.70562398900052,167.6902758607573
PTR,-107.29939635125976,128.02778421800866,177.82318207717978,-100.07294866981712,175.0647804354964,75.8517578209993
PTR,-152.4848338243701,164.48865906423572,63.78654791207699,-101.5696364345034,52.488747939460985,162.4398794217304
PTR,-112.01575808636944,132.3418956223288,177.79247824648976,-96.82303501522134,171.3884834319971,71.0421856993878
PTR,-151.59490115665244,170.32945435183711,68.97809445588082,-106.73285542381524,47.911168435343825,170.00483427587432
PTR,-114.91423082293436,137.28051854321987,176.6889891117966,-101.17956089385017,172.30581947490256,75.11842276023735
PTR,-151.55142017239615,165.27817429077584,66.37125436492913,-104.59080400609966,27.75913541961228,161.20285224412748
PTR,-112.98072038211969,134.71262696248354,175.52735047043487,-94.75404306505077,175.64148394640964,68.56144787094665
PTR,-144.8162116129816,151.29692732392147,66.78145909060083,-96.17915797769568,-57.20331825117787,43.96560123054658
PTR,-117.3140177878184,122.6049418660987,-161.3071789512485,116.03887848912,10.080235465734097,36.77829364777781
PTR,-137.7840947303466,155.18939749039836,67.90741137328436,-108.32792509907682,-26.320187984431264,-175.94573503018418
PTR,-121.09156319132065,120.01236598170196,-173.681799868624,113.61718176822576,20.77183765375726,-79.05845199662998
PTR,-134.1062427679698,154.33009139091908,67.65612855265373,-99.64191731006338,-40.33562606368601,-53.81033461929115
PTR,-118.9288520925278,120.8400892864591,-172.28409039461116,105.53374540480894,25.06202382243145,44.3940965071591
PTR,-132.72112138542624,158.73970250021432,67.9566055783833,-97.16023785701084,-48.45525785856352,-178.5446528957384
PTR,-125.00638173676182,123.86702422093366,-175.37584791513223,112.7027943719715,1.2902351888789103,-169.65533830841343
PTR,-151.51613541514385,162.2822757358898,65.08311886774281,-109.38597104495196,8.086636885069103,-83.47454349267818
PTR,-111.34420022679544,133.77369451766023,169.46548307858205,-90.34506969431398,165.19392262625783,73.64996001079064
PTR,-149.72267800326026,167.39490455607614,67.47894568586601,-115.3086620462188,45.312129363485994,177.1220501395881
PTR,-110.23413056212829,146.76202322449151,170.64760535680446,-94.84582109106871,173.8558324903515,78.96036297806859
PTR,-161.9128171433055,153.7471074245018,67.31652076750193,-94.75364140081768,38.147763111359225,-151.4637692949276
PTR,-101.4148673624028,144.57507861452345,170.76919500410762,-87.87667236997751,176.74268913447742,66.2013900199066
PTR,-155.34718852060402,161.46181975240955,65.62767800257208,-110.21156549631966,21.581276112586657,-172.24447273779504
PTR,-106.50141852033798,139.4459480573024,173.2871648807913,-93.31287856287524,177.47174040045903,53.51506434311154
PTR,-156.2202779418284,172.13912663281033,58.365314484724905,-102.79164962883009,78.93233463413017,156.43455214194552
PTR,-110.391040497931,127.0508076195084,175.28506708237322,-107.91115003615744,177.65723799040614,69.05001789111014
PTR,-156.05845710001245,172.13602572692713,58.60041178425925,-103.01225559699928,79.12834261745138,155.66521204299102
PTR,-110.35699883510765,127.16011796698528,175.23851062469947,-107.70225318242582,177.84861883394063,69.49302373252488
PTR,-132.2126138017188,160.0503884811831,61.98988341589941,-89.71242804441403,-55.90013989169445,172.1169792690344
PTR,-116.38579507961362,131.64659602519984,-173.72295835561926,-83.6452266574088,-142.78589445476763,-90.29098553671656
PTR,-147.26639171356192,161.29762200476245,67.00068278045268,-99.15551553365714,-55.920971670506475,-166.21395540964178
PTR,-134.42465252669746,128.405398056462,-178.98280119729935,-84.432315074758,173.70691289579307,57.85672059698309
PTR,-148.2822047676829,167.2113773730779,60.77523135131472,-96.8921214992882,-69.33596303037122,-170.28400576767942
PTR,-132.3410076977367,127.45034636519745,-156.70404102536776,-73.32022812901305,-24.086647406121465,-155.79141425047897
PTR,-147.66138155326377,155.02825966749944,68.60645017374196,-101.1687437197062,43.64325093800503,85.86812230265315
PTR,-96.86426065807098,134.82281157417418,172.168020158701,-95.8749849242018,-178.36429875174863,-178.6476203225255
PTR,-152.60310538003802,170.6725210934685,68.87413251643586,-95.24755547876892,68.91787850170306,92.36605090155626
PTR,-123.30913436952702,136.2614269982973,170.3735850749773,-93.52021455748496,-178.80259730329112,179.90962270448776
PTR,-131.63883693030272,11.430087642037266,-54.73146666034996,-72.45065952864667,-96.2791329691901,138.11611818338727
PTR,-115.368588666902,21.83478118209532,-56.68615650774143,-73.04261376765524,59.29021537936839,-31.45909826549196
PTR,-104.2717510771115,12.516103941768572,-53.373934759558395,-57.50907295123048,155.03375051542974,-168.19805375628297
PTR,-104.83304236272484,10.147586436678557,-52.997644447502914,-53.42994823752369,154.60424348219013,-168.43847326266916
PTR,-108.16530724366646,8.635541356335937,-57.23263061377024,-53.39623709480553,142.83996193835992,-162.9206859255396
PTR,-108.56421761195188,11.370682925504726,-58.300018582951125,-52.50949367168901,152.00015422130298,-163.93067366350638
PTR,-104.57421917431634,6.376644118556395,-59.2093151553834,-49.52024694026207,117.36757694656433,77.69847641541034
PTR,-108.57518006556973,9.2903763515008,-59.572800273285104,-61.56171957464339,159.15404615236886,-52.264386240210754
PTR,-152.91359211932846,166.92334829577845,65.1660109653295,-97.029816988752,78.33448136374933,127.79506907791917
PTR,-118.16586532072404,129.0913949359414,166.28675062849555,-88.39867197779313,166.44209898570426,-169.93048533068009
PTR,-142.09174477571187,171.15025184477588,65.7851379243325,-111.07828194159376,33.64320679241093,-162.07171174446108
PTR,-116.7040682345579,129.99416835929867,169.46319389192396,-95.51805335299136,174.8265680257137,-168.68878766081556
PTR,-120.77774331971524,140.88034242451843,-60.06320748980804,-85.97485869306234,44.646138498349295,-110.78316521907388
PTR,-53.79939884676361,-29.265437895253285,179.46957722441766,92.76980297846202,-117.35271094757373,168.24756501115004
PTR,-84.80196899891001,87.63194859847806,-168.9815169879353,-104.9561099286289,103.55578878462865,68.00752523200721
PTR,-86.33277148626075,88.52533734191573,-163.17578555196914,72.3665036819882,-93.95545295543512,-49.83736714077001
PTR,-94.89406527122406,94.23618145036843,-168.67101680060702,81.38188762325424,-95.42036412040464,-46.11189657499538
PTR,-98.62597818088148,91.99779185557188,-163.98650586647452,-107.59568366347898,75.38529087916429,-37.404306887357016
PTR,-93.55338109942062,87.23337290946198,-170.2851924885491,-116.57535328440768,97.44022512146503,79.49523914571273
PTR,-83.22971409348645,75.32665246902641,-164.6977635682976,-119.98732885855075,82.63396380785224,-12.041474717577398
PTR,-94.23755431839164,84.92288383778674,-167.28118712356252,-119.48931709397644,90.3892862893355,79.01340683887229
PTR,-94.00429652804657,87.8040215542382,-167.1620122801673,65.32522957131724,-92.00231360168344,-31.731464749818493
PTR,-90.26246618371424,86.18974049485153,-161.00104623536384,-113.34136096579412,77.39174193979696,91.09041699706512
PTR,-80.92991426786227,81.87150365627271,-158.50926886831374,-103.1938024309787,58.13412902188947,-17.014332156747255
PTR,-88.15291444723164,69.23651429558454,-170.021017969403,-112.87513560721796,101.6772872231464,68.5596315880203
PTR,-86.7839532922643,96.3136381279412,-161.8344991903116,69.35153226429368,-105.83579600534284,-35.58459808623963
PTR,-107.07110410844123,151.02856919143167,-70.6971537466843,83.82859723689782,96.9756904580568,-66.29314693954906
PTR,-110.94354816027166,140.74748158478334,-75.32777458345609,-71.16097210415214,-126.82506689906027,-94.962962332253
PTR,-83.85400021381474,128.48126779776248,-78.3244905777859,76.6969944845311,126.13500222899664,-176.1453740727296
PTR,-84.11078800585057,136.3930584039818,-89.77796534810335,90.69517220265136,90.87754711716867,65.44671948419735
PTR,-76.09918784528986,75.04897112831955,-154.85387117458512,70.88291627255559,-118.63019375252686,78.6922014119927
PTR,-45.913009714067584,-60.90519981016473,-177.92528637773987,66.07546919320446,90.12624469566728,-5.985500745213529
PTR,-170.7101964169303,168.49314433310084,79.63595321193834,87.29443104888816,57.97349942237605,-87.36013252826481
PTR,-143.9588179664699,130.37948665113575,163.9540533630217,-86.46446572194368,175.6401400455454,-77.64015977497473
PTR,-54.23655485930652,-47.080319779074046,176.46790784987533,65.25551871146293,21.442203103310646,-58.110457247766504
PTR,-165.59972593652168,164.85505773207188,80.92510662629071,82.13539437606808,50.282517774031454,-74.3028664665173
PTR,-136.7998781313261,131.3687712505204,168.33850036095714,-85.51906112074343,169.50815287976783,-83.27888312550226
PTR,-129.85440902850186,166.8820666324349,61.39162044585493,-96.64408511070992,-41.783481123490056,-163.105695971793
PTR,-137.9153982869509,124.49816102099952,-176.28862432867209,-69.30857280311992,113.6263443903634,97.3212955434586
PTR,-144.1682179060441,167.45681339071314,66.60077174242403,-100.7377133674528,-71.96039299109616,-154.85312408790944
PTR,-140.39557657836593,128.12586573449005,-165.72074952154148,-62.318711244897784,53.835004115641595,146.24467811648006
PTR,-103.65033363623456,127.00496338979926,-62.52657510939431,-77.51736731758119,162.6736718099828,-30.497230400670045
PTR,-90.4821660485569,63.17624453938314,-159.30100851280068,64.3009012716924,-114.04668713953178,93.68086428520324
PTR,-119.00581466409552,-140.08230312189414,-74.99985863294322,-68.77600610838928,166.46957950863043,-41.698696104619074
PTR,-129.800901326544,150.80900593037245,-63.87218548126074,89.45241552735123,-144.237297197766,135.86939986603346
PTR,-120.8837341952555,149.2319152510165,-61.21835446672436,83.37334950103345,-127.16420015137705,128.06784715864714
PTR,-118.80364106466313,144.4263853962923,-64.68375171952445,96.79686891299446,-117.13508532927573,104.94262871633217
PTR,-118.15540147091556,146.89482942271323,-75.60459940870132,97.63032580318988,-106.08282901219798,96.93033199836756
PTR,-132.11358971913197,136.89845142142772,-72.47067053571159,97.5777798231686,-129.4321928270455,124.90922541517324
PTR,-131.53148001692844,150.2843927606021,-64.5616311370043,82.25253156878466,-131.2584444792802,132.02013471365595
PTR,-76.59671931500111,121.58111016989211,-100.03060786735206,-70.62680639026797,-167.9145940969553,174.75134521833002
PTR,-119.3175581581932,129.65153874977415,162.5718856164551,80.76658038340753,-1.4491790514172909,-51.8250077088769
PTR,-110.8179273210568,-25.94384347734251,164.60698211007485,94.92871207342456,-29.394190003786285,-44.37484347449164
PTR,-111.6288073793207,3.719700531421434,-51.83153186903116,124.81271928608813,116.78238747607612,-30.835138025541497
PTR,-117.22762955519605,128.64915384756142,166.20574441809055,-98.24331073028952,-174.47737275111842,-65.34409975741936
PTR,0.5495800191468219,-89.0658238713172,-135.02353550550322,64.58171288587779,-45.84968639333557,-25.43404633584106
PTR,-108.62122920095396,-7.729266607255397,-55.646154759647885,-76.75933227510077,-154.3126200923192,88.9676849675893
PTR,-165.19272862425896,136.37826421423955,66.01005702497163,74.04868297177343,128.718597234797,85.56104663243568
PTR,-101.24584067101245,131.5003753354482,165.99887633746943,73.39440963172935,19.74895953183473,-76.68798557764657
PTR,-85.2863455242798,79.68306323487644,-165.28700530821408,80.9519102986057,-83.56950530318791,74.27505942731445
PTR,-84.81709103773244,73.84301243789459,-161.81041401539568,68.10759506353531,-78.53941013837556,89.49044597745177
PTR,-131.71701527554268,160.93715194112585,59.52896813216803,-86.17164757185256,-56.60444980530996,-167.14982720165258
PTR,-134.03830970648488,119.57441425212072,173.97158323354725,-74.01314572528194,167.25802846849243,78.60549298378544
PTR,-131.09759908009255,166.0241538915463,55.864964190117625,-101.28717261988233,-71.85736909784393,-157.17701413146622
PTR,-123.71794851210896,125.60125023233492,-146.8034428193514,-73.00800538418915,-45.997556558670965,-69.85111235937478
PTR,-138.76197291381732,156.83667519366537,63.23377509034248,-97.18169533381716,-40.22848819749072,9.943787223013429
PTR,-116.38687424950253,128.09999297791404,-174.09116023119697,106.12405172142432,91.03572217763548,178.65628522216903
PTR,-142.49927484272987,163.27873203390297,58.318178930829866,-91.3533259205558,-59.439010353856055,-163.51097112330433
PTR,-134.02175332793675,127.3474973766754,-179.79749161161794,-66.75972966049687,158.07634171088196,56.81766816826016
PTR,-143.059514279211,165.58659831293693,63.206059086916206,-102.1817534240581,-65.40931022607191,-153.2545581502196
PTR,-131.72349029487586,125.76207386653203,-162.39854773592234,-72.84997344863903,6.058726845380221,-169.01540693453694
PTR,-128.81138450072754,150.05200240428158,-65.53045465680509,89.11567810138177,-93.28323017534964,89.7721702159084
PTR,170.2526693651878,115.15685280263158,166.5636447636541,-115.47971959255624,150.0173883225288,-125.9381389889888
PTR,-103.3529130488264,137.43003138415145,-65.79196653957922,-68.5406714868408,-171.52546922820258,58.086139005059664
PTR,-95.76948378695543,137.34015975505244,-68.2801654822463,125.97210627913644,-8.257269882785994,59.97118958460693
PTR,-171.86538631125455,179.3205514507018,74.50720985413186,-74.8834482805318,144.9292550529101,96.59940500984236
PTR,-153.21306859367684,123.9583711708934,170.95407272494842,-91.8098397841977,177.98398471989887,57.29035593137063
PTR,-146.37757919686817,160.24858691051853,48.20886994242091,-84.44819466324729,-159.9021314735093,-93.26520184618305
PTR,-117.11605158491471,138.5112913108995,-162.66629478602698,-88.41836289559926,-2.9887966648246658,-149.78796052970333
PTR,-81.96409370066141,80.22842651934528,-164.5334013101193,82.60554936502791,-75.372179424147,69.02866617161699
PTR,-85.51965795613825,85.01748878798058,-168.67514618204962,83.66443113046347,-76.42027750091805,62.75592301160185
PTR,-148.30216258043768,166.89610950136844,62.1675173167974,-94.78965832111108,-44.64474068474137,-158.97523386608594
PTR,-138.6401223390243,131.36668121263438,-174.50875618243774,-73.75905821238554,121.20627022073543,92.51672403504584
PTR,-166.44310403485653,153.33730973467937,62.85814432212806,-96.65667329193228,-75.62461740512941,-152.49414488874194
PTR,-121.80295471413416,141.62924534625364,-160.55623039360975,-69.90390231957582,55.61008489210031,146.54197315772487
PTR,-104.08636608265904,122.87595011198648,-60.661614057030256,113.37007473406705,1.657364524563575,-64.36091771198261
PTR,-69.33343467990704,-24.073363729735945,-75.63650418947894,-91.49311088530122,-20.88776744434591,-51.43694150161282
PTR,-105.51709263829076,124.03250604414472,-61.1352423330406,108.79484387969002,2.020518472223898,61.514557117714055
PTR,-67.0055832673616,-26.23995096088277,-77.59484177486726,-95.86368201807647,-19.363697453083468,-53.91173746972778
PTR,-95.7762798251796,130.39873412421684,-60.09517885311816,109.31108316599756,1.5933432356219448,59.85948403715579
PTR,-67.63176135009007,-37.68974199112824,-80.8541079495943,-95.7220958664974,-7.264423852042836,-57.9766662935464
PTR,-101.24368233123472,132.2998762985549,-65.20223046132114,112.9223384169024,-8.726138515871119,65.24604956029516
PTR,-72.1989859046725,-28.302278769443944,-79.01636703981252,-92.91967847379286,-16.72487725898516,-57.77860155078159
PTR,-101.25899561535392,127.01475788106906,-63.80174565603373,114.39841719764348,4.141997408525164,56.730196748177555
PTR,-75.84996790285447,85.82910650667486,-166.94202339090074,70.93932959011468,-44.519981516863616,-69.38429469325855
PTR,-76.320875295181,83.41387648407748,-159.87233233151926,70.01541028601495,-61.99971006627299,-57.69401720088254
PTR,-53.36877591016184,-46.62085978379645,179.22033897190644,-99.7101334674247,99.95511301601654,115.96226105852742
PTR,-119.58851176256763,126.21296197440128,164.27984379394175,80.61275532932852,4.4837244493702855,-60.260200214271606
PTR,-143.07676733705443,160.55044029069808,51.91038425132013,-89.33166255365987,-66.66892511457279,171.86128432335633
PTR,-128.95824722826117,126.38224138279084,-179.51087597627173,-81.67990722256086,-177.98363447122358,23.260768041104207
PTR,-132.58865669666304,161.6209221789358,59.18555042171993,-90.89174140106728,-73.52052741576038,-159.30731061375013
PTR,-123.6857510003615,129.98389575478697,-165.50098638870674,-77.47459567228832,-108.8020971940454,-12.499223762417778
PTR,-152.41945525363474,169.25899978435604,67.80738493706114,-107.59124692812004,52.71580236472408,159.64036370301545
PTR,-118.56177040577464,133.17200949329546,175.3307639166436,-102.02785360050063,-174.0713582954544,-170.20381686813636
PTR,-146.47567437372788,171.91579310732925,62.85958287867287,-106.59390150066208,49.94776209489712,166.7651723564285
PTR,-115.87844862806509,124.73261409444936,173.8687540869528,-100.72378215968864,176.3185873504943,-175.1837166038345
PTR,-145.4412968654428,157.0601999644432,74.71673804665073,-100.6208848698789,-47.656395894923314,-169.26735869085775
PTR,-124.04583857340458,120.00416975469793,-173.23733427533662,-79.62927387509775,-170.82253312839458,-175.64390560587228
PTR,-112.16361802152188,-30.194794414860212,178.39430766244033,89.32453802130425,88.72938373476899,-66.6436993169889
PTR,-132.91651943720197,169.1661638531572,61.681903888115045,-92.09663645335378,-74.57895297800228,-175.9632344759734
PTR,-138.5206759908191,128.2891892179234,179.24021390553364,-76.04053614443072,148.5624625305567,-45.86233326590241
PTR,-137.4273539499968,165.7343762858193,61.5488328431867,-95.7116717235652,-59.61929275966563,76.41697958323735
PTR,-130.471175110554,125.67975642665505,-158.90127300336712,-69.24887189977017,-0.8141497102288225,-60.88487918954312
PTR,-130.2851617386979,138.98335300519577,-75.44025234771723,-81.93465974245869,166.80594890514223,-165.76779418115336
PTR,-147.4674041808354,155.40555931725095,67.4415830095363,-109.40907837525651,162.34001831348832,-147.31480334827617
PTR,-124.17345382785712,132.4662597067364,-162.51850719125602,-73.49981133898528,-45.69896510051176,113.95712119737316
PTR,-149.44340522847676,153.3602181891556,78.0372297450629,-99.55303643177402,-92.67263848290024,-34.370821497927786
PTR,-128.91782616875304,128.8597285796729,-175.15631720353736,-57.007367856684624,88.82050315411296,115.31526463303835
PTR,-147.85549552947552,148.81826533450217,67.57031396883045,-93.2615443897751,-86.51881739077113,-75.75479930921578
PTR,-113.97510713281432,126.48496742790785,-149.97468404645304,-67.38141910598902,-60.715333577697706,-145.89179492513694
PTR,-151.38940808528343,164.6257136401212,65.96052667045414,-90.05419661916207,-81.81362032461158,102.962026075897
PTR,-132.20531915968522,127.72646359258438,-153.44138701174492,-75.82310150717984,-39.51895312659263,39.44717375754932
PTR,-139.26978381822943,159.96249760694337,61.67101529118578,89.18757659207253,139.92004199669782,-170.6767917899475
PTR,-139.8822605414828,157.5743219636484,64.53083602554167,89.14721048706143,142.62639056196102,-169.66336318813794
PTR,62.72968677144771,42.70742435166221,-157.2320648803686,70.27134578814601,-92.40349897393166,-39.29185531701825
PTR,60.676839265454525,48.13400281704817,-159.09489187427565,67.29130416167467,-78.89544530665077,75.08316387247146
PTR,-130.4706560161771,123.01081902733756,173.4787412072088,80.49266979648327,-136.57341562116522,-44.895909338130906
PTR,-107.6986823799495,129.74171090719665,-81.32039181247717,-62.97281807526636,-171.28001915696242,-62.713267697930675
PTR,-43.36234728551261,-54.0243545421726,-175.7483344675176,89.49114802394304,-73.18934956389113,-24.83105185370024
PTR,-159.9137300562695,159.93956183171048,77.41779604533278,79.62264834854946,33.60623377992784,-55.302484103272526
PTR,-132.84067701665816,122.847768751471,162.89743505874006,-89.11288900228143,174.7128178045943,-63.858834829735606
PTR,-118.52929968646038,161.43328322205724,-62.519997239361416,-132.81208781147998,122.9943814028286,-11.697665891805023
PTR,-113.583914878291,153.16559877894525,-11.653623008346097,-19.40305167486077,-133.84050242598732,133.9903719374138
PTR,-96.46700319556464,147.39902032686524,-56.299285925184265,53.60124972452456,89.17143102041433,57.97172613411314
PTR,-73.9177893489279,114.75919918915343,-87.4433144702749,105.64696718125148,56.22162902295018,-169.64659252119336
PTR,-102.67272183014148,141.21198908985755,-73.37354452433438,77.66926366592787,81.91323857393265,-53.63078018905921
PTR,-88.07831512111676,124.32300764992372,-72.75938542581835,98.08101896591997,16.233191943993,-79.4062950103877
PTR,-59.64048100231014,-38.88015517100223,-165.54730317585384,-71.12985598360832,99.02193752166504,-169.5063244329143
PTR,-155.38306067412492,162.0871235709242,72.95591905043263,77.54397840726676,75.39734676597253,-85.12100975485066
PTR,-130.69702214564964,135.80384530504148,161.50143960825355,-98.92120753873976,-168.6052650434623,-76.51854398612176
PTR,-59.75491399166452,-40.83850017963914,-174.12646246890912,96.10725339943572,-70.57771619523665,65.88433081751865
PTR,-151.21415909155925,162.65312768706482,74.56763703338945,72.26453319549678,70.4655855905777,-73.56953755269102
PTR,-129.1122133525316,132.4896052933195,161.2247775140896,-86.13429596218971,172.66098109754498,-79.79660946276783
PTR,-124.69142805375418,141.10314319524423,-75.91549619596893,68.75866976205907,-76.06517585659162,103.8025870862
PTR,-110.57277817136668,151.61216787487425,-64.42736232630024,76.97397890455821,-94.8955192359182,107.59787852309184
PTR,-113.5943035960186,138.5035048952457,-77.35187442654856,-78.18502152028488,126.60124438305016,96.11539301091952
PTR,-128.04098014348514,152.01371469617928,-57.22580936534165,67.92095142203311,-12.707781588543735,79.38710878887692
PTR,-119.32706578151787,158.81210250541645,-63.41089648424256,80.83585233928856,-32.65801197045805,85.25164009279382
PTR,-149.13432550815534,164.4925386116843,65.67068191565102,-75.62821938878827,99.81146574954512,31.309647351976068
PTR,-134.72109639705437,137.92019307974826,-148.29233687598648,125.03071314595088,112.25112674762867,68.07559761260195
PTR,-102.8712481085571,145.34930787770108,-76.9829682553869,-89.2874016806284,-114.5236238376723,178.4987144854449
PTR,-118.2848335556873,143.766466179064,-75.56110568646027,-87.11867911133585,-100.76050411285092,158.41379127783773
PTR,-118.7009013591678,129.77960479671188,167.55837805869268,76.45532510052318,1.8946064454715743,-54.364531160582
PTR,-112.30919667349151,128.81343355747856,167.39913568004167,78.40539050270112,-0.3098310511101571,61.691647543052326
PTR,-117.56213123960823,126.58414177465644,166.73468692272792,-98.50005708734322,177.27520084862522,-44.54079366743609
PTR,-118.9251364696193,118.48687055133628,169.66387949240308,-102.4266760598692,-175.9973935335045,-48.16727884877469
PTR,-116.33877605736728,123.35118101405762,176.8438355929928,118.70647695381793,-78.29221488649607,-26.328246847236983
PTR,-83.94297708813252,79.09577624928205,-171.14521225479572,-122.4316789738929,103.83427965171212,-47.13114582662573
PTR,-69.89365362582066,69.99264355746163,-161.2557907826815,-128.5695994555238,105.01626078476475,-30.755228870732903
PTR,-100.28513358311515,70.32144886410605,-169.129541419897,-134.3313067196452,115.7096376303735,-42.0286937176408
PTR,-100.35415947486727,88.10629840614628,-172.4178540996221,-119.5678451401988,108.0483642763417,-46.131936101224234
PTR,-77.629402936372,139.86678333282356,-60.71298921085948,-69.75410158877112,165.14251516357027,-39.0851021509807
PTR,-78.06693802441384,140.33021166800893,-60.54372700300843,-69.6537082625415,165.35644760806755,-39.664378392533614
PTR,-132.41962317508356,30.433267054636644,53.71949375221081,-148.41366283092952,159.34989189936525,-38.582759272460514
PTR,-139.3078962737981,32.90302247737824,53.62479371008784,-148.92662140259867,161.49017173563033,-35.81886993889398
PTR,-119.4599402816313,130.97827567529245,-175.49127615013356,98.74707690115308,-153.9997445863934,42.032260561348664
PTR,-143.76955342456884,173.86348985105008,52.1273986297998,-83.24679050706693,87.91482960586461,105.73540933264916
PTR,-107.00317104695628,106.80760907064048,-73.8067167645834,-58.04180617505241,-174.71226568942177,53.50003792640127
PTR,-112.06909503359805,111.22709663347555,-74.60017273707992,112.59147520152491,12.22625498443155,56.32115426916662
PTR,-145.27021428711234,165.97411592568676,64.53011740295955,-97.29075464338467,-32.30604883456711,-177.55038862372027
PTR,-135.13320269081626,132.07431613140437,-177.08666637377488,-68.95608523983593,125.0389367163754,79.97499374842755
PTR,-160.66909433695952,160.3510670688254,66.50802576288898,-90.77191337979929,-76.27460015872401,-161.9162362037543
PTR,-125.5420324922309,147.75014669171725,-161.8081593756797,-75.20978155434543,47.10428456747952,155.853769294852
PTR,-110.17223538786963,116.27744095862056,174.3432494362735,-97.26949203884725,19.614779389424505,-59.47021297082596
PTR,-159.07898531704555,171.31707238506425,75.2180567585748,75.45553179379661,-169.76374926722383,49.55771091236215
PTR,-138.43715643764818,145.9192052016686,-178.98711321127635,106.92787040651773,-44.661755480225686,-45.5725111568037
PTR,-148.32102756292525,152.67994500820066,67.22686894382522,80.5260213517684,141.07390338346767,-48.105943578993994
PTR,-109.18261610921564,134.49727109795305,-166.70581152250048,94.55572784848464,80.27835730822008,-32.793171120588454
PTR,-111.475633556994,82.19535707576887,-172.64850121866368,-132.91297959024783,120.7200011085244,86.25890085286632
PTR,-96.17980057115484,88.93051782385923,-167.08443116528352,-134.99009482242076,112.47982078058683,88.55621234254562
PTR,-74.8615097563594,-17.030689082191373,-71.13434119075953,-116.42469423311135,-1.8852365321431104,98.56276634883788
PTR,-92.68389801807804,153.64335685100932,-61.609183353481654,106.49970232581802,6.9948192791166015,-64.5625138644742
PTR,-57.0556915335672,103.77111187132792,-164.5611194460269,-126.34699688012584,111.53652516272454,-49.49030425394569
PTR,-148.35651722585263,77.09777516232408,58.49637514165411,-172.0270628406144,170.7640863021173,60.24565621688605
PTR,-133.0279608036999,164.1924747410673,58.61252581674708,-86.57535380117648,-91.35461619285184,-53.51154277247428
PTR,-128.61031739194073,127.08587381070724,-176.65075526292725,-60.664659795272705,171.61112107316245,148.54574942309142
PTR,-146.94796829445593,164.77054097128214,63.43096140312999,-107.74282783268356,-66.17288460513932,-165.34064411536187
PTR,-132.60696160363867,128.56582553968727,-167.74450454226928,21.791059902107666,146.8843522861587,106.50153656311502
PTR,-83.57975445826042,79.23061784387646,-159.99643379811798,76.24402854001136,-91.9317971771049,98.06408562199104
PTR,-83.3431976865462,96.0495830146285,-151.31853188412026,68.16454328269563,-107.54714701221673,-147.3567331156271
PTR,-80.1105716052167,90.44113027202344,-162.38376227354897,84.38076722462927,-89.47492262034622,85.33642448743434
PTR,-86.02856852100672,92.24869202454312,-163.46765180189502,98.73838163353712,-109.9063719196653,-158.00168201570403
PTR,-154.3725888279349,176.21941334108425,47.22114908333766,-81.44864995965095,104.118629932501,42.06065592963146
PTR,-113.78664172304616,123.16533156674156,169.42975596850667,-110.3799958323714,-164.64036921947564,167.07333748298743
PTR,-85.39004828644812,92.68059903670888,-167.97624352548667,68.19714243624895,-81.78124046918767,-174.38325656744678
PTR,-93.02348136323268,86.4327313047639,-166.14329745722893,-113.545628876278,84.59491664346224,83.89595787080543
PTR,-91.50375744271572,92.8240193489008,-166.58915503737285,72.38927174709447,-111.23364358073862,84.36050787907716
PTR,-97.7818419315488,95.05100935797265,-167.21228863508264,75.21612305219249,-92.68250917441246,-46.434226203658696
PTR,-91.27683806792038,-15.095983358271951,-174.8343219406997,85.62745690072434,88.30313995482605,-66.40690737149454
PTR,-125.85682225069846,155.92347890163467,-53.49271109519399,-74.4935044054642,-121.6197825654764,-161.39970724291334
PTR,-145.33884402789263,155.01255023240842,64.42639580687487,-77.76596616627789,173.6484729477365,71.2676450906864
PTR,-129.05698444290286,135.58411811944217,-156.04671471633247,107.29645233228996,179.1793898028576,-52.398079619391964
PTR,-145.25614409742212,152.35164513555483,65.02664098180284,-78.21018111563518,174.10293252589105,-48.96778630635227
PTR,-127.86097733809862,135.27353575750334,-156.88495738380203,103.6992465303159,-147.82501626851314,-172.11403350794336
PTR,-146.50039965852332,156.37912082116625,65.28172964171173,-78.77541097587763,176.74165309878913,-168.68742256547904
PTR,-130.8673807239281,133.6339898283768,-168.89866232769415,103.35338828488749,-93.88885674713016,94.23512215465496
PTR,-145.59508540479482,149.07773056069263,63.9028502157335,-77.12928740586544,176.13849500021504,73.23794248220638
PTR,-122.28854018298703,132.26188678639127,-158.7434267750698,106.315044920994,-162.50128610301135,56.65194624014891
PTR,-86.80402038804579,64.48386376541457,-165.25729208914154,-119.62366012687724,84.5924301330378,70.91505529837053
PTR,-80.59903258371014,82.2860483275683,-163.67396544580575,-117.97086541860445,98.21869288599092,-18.087082639571086
PTR,-90.48437902984796,75.3873113790453,-172.16249936232066,-116.36782205624075,100.5018909522144,77.60929148999664
PTR,-81.14889013265287,95.40546885513962,-162.1991664862267,56.9141021415345,-81.43844645340538,-22.74171072240295
PTR,-86.76648166836742,83.43061044754401,-166.09030852970503,-122.5117698043214,91.710854040927,79.25330810549104
PTR,-77.95541469564591,65.79711106732209,-162.82679502310378,-113.03624006017571,94.31493877025444,-35.162538641401206
PTR,-98.54996500560844,76.02543546263207,-171.16133952309147,-112.01106450642796,86.6109905155873,102.24954871644222
PTR,-91.87530607318604,90.14124398632488,-165.62303523451843,61.79344816521118,-84.66693533754386,-34.23643981576868
PTR,-92.0294224616182,88.21988445204359,-171.95522782329138,71.1296604486141,-90.02496265719904,-165.43191972008924
PTR,-92.183846208563,87.60796097411298,-171.4442583165724,72.30118550577069,-89.66105394373328,-164.29294910801178
PTR,-92.06151069033892,87.48436187089243,-172.57505065778054,72.93773083559645,-89.46149532527124,-166.4463732933093
PTR,-92.45227947313369,87.15290645085005,-171.87505659794405,72.88325030350636,-90.70347626179348,-161.75916174569377
PTR,-64.97563738565549,-47.03373447384001,-174.7696288415251,-93.96770241534284,78.97907852763706,-33.064127071819634
PTR,-110.9016517799028,137.62685011527455,164.15500524141305,83.04703535481686,-7.570112003807627,-177.1616508958743
PTR,-130.00050677484842,149.4702751926716,-66.4801185000755,-82.6164904001022,-121.35516727326738,46.286614598025864
PTR,-135.29138987199374,168.83632035775895,69.48795706598472,-83.36756265466933,-50.41333399682193,82.9057940681902
PTR,-135.22980888643693,130.93688472892217,-171.18911214924896,-69.05851489020601,51.950082163760975,155.35982243932952
PTR,-137.3533283597722,168.45076983949008,69.61840418985722,-83.18658555050817,-50.90712906244508,-37.58495996942236
PTR,-136.08367815533688,132.88303784989057,-171.95472903072482,-69.91827416333408,52.732997910966816,37.457705305252546
PTR,-80.0489086573898,-43.218148331755344,172.8704349491274,84.59406225184348,-12.700918408821616,43.05892968312355
PTR,-83.58151664706628,107.19893109875802,-94.40246733193035,86.58985312608552,124.04323693767395,-115.3712779157147
PTR,-45.783779119876385,-44.88821154609349,162.895805971191,47.68415397911508,36.8653174300419,-70.93461194566532
PTR,-161.86948642321093,163.92806445791774,75.74576900779127,74.78112478116712,63.53681739010613,20.024084844184035
PTR,-128.06446233385165,140.16448395798773,170.46796168193777,-80.11226996877652,-173.88565988227197,-101.20326359588906
PTR,-101.8070841453016,145.8312870066722,-79.89191898260475,113.19421665652608,18.655931365770673,-163.08245580632968
PTR,-108.9889802462458,135.8477497610263,-82.791996391878,81.08009369617466,46.22473819844651,170.38469226585707
PTR,-69.85402486825626,170.33663971084394,-89.1693559815434,115.53613084097914,95.96595157698272,-111.09064507489371
PTR,-168.63120977698347,-125.46649060001056,-55.55276477455649,-66.80956060940008,-88.87952826478245,-177.70274877036874
PTR,139.5971821059048,147.88905907905698,-101.46473636054436,153.15571134348582,102.16353967310492,-115.69746670335375
PTR,-91.8033090491449,156.9044579909886,-60.90156429851744,-86.0209935123228,-172.7467332477951,-61.444993727570896
PTR,-116.36552307815704,132.9639619311769,-78.14025947298384,-93.79277212883277,-94.19868983404044,-63.9460728199843
PTR,-111.50382857788782,114.2454050390284,-78.31014161473136,-97.4799112567206,-94.81906011424812,171.2894967765153
PTR,-112.34237773247946,117.29489325814234,-75.4056722623273,-86.3402028053487,-137.82148234578906,48.86120498212045
PTR,-119.5672015723572,158.82413729873403,-64.79260043897453,-66.09227440917348,-118.26692461840864,157.66666436081752
PTR,-148.69304064625916,154.96868675755857,66.58825023182311,101.89295385010509,-64.53325001973484,-63.03236534100192
PTR,-128.8278862377623,129.09222821902014,-167.87732386359733,-56.230492615241715,-145.00874673518427,-91.28876651532204
PTR,-139.2184481164276,170.51758508233593,70.24551171042343,99.8410456882944,-97.20731384378576,-61.6209915995129
PTR,-133.79243655674276,134.6117177476858,-151.7779086390877,131.49141707617966,87.14172654653902,64.30363558638793
